[
    {
        "id": "47",
        "from_table_id": "14",
        "notify_message": "Awaiting for Financial Approval",
        "status": "2",
        "from_user_id": "4",
        "engineer_status": "0",
        "dept_admin_status": "2",
        "dept_super_admin_status": "2",
        "finance_status": "2",
        "job_no": "99999",
        "created": "2020-06-18 14:16:19",
        "submitter_name": "Engineer Role",
        "created_at": "2020-06-18 14:24:00"
    },
    {
        "id": "42",
        "from_table_id": "13",
        "notify_message": "Awaiting for Financial Approval",
        "status": "2",
        "from_user_id": "4",
        "engineer_status": "0",
        "dept_admin_status": "2",
        "dept_super_admin_status": "2",
        "finance_status": "1",
        "job_no": "Ganesh test",
        "created": "2020-06-17 13:24:40",
        "submitter_name": "Engineer Role",
        "created_at": "2020-06-17 13:57:12"
    },
    {
        "id": "31",
        "from_table_id": "12",
        "notify_message": "Awaiting for Financial Approval",
        "status": "2",
        "from_user_id": "4",
        "engineer_status": "0",
        "dept_admin_status": "2",
        "dept_super_admin_status": "2",
        "finance_status": "1",
        "job_no": "123456789",
        "created": "2020-06-12 14:10:59",
        "submitter_name": "Mark McK Test",
        "created_at": "2020-06-12 14:44:31"
    },
    {
        "id": "25",
        "from_table_id": "8",
        "notify_message": "Awaiting for Financial Approval",
        "status": "2",
        "from_user_id": "4",
        "engineer_status": "0",
        "dept_admin_status": "2",
        "dept_super_admin_status": "2",
        "finance_status": "1",
        "job_no": "J00134",
        "created": "2020-06-11 16:47:39",
        "submitter_name": "Engineer Role",
        "created_at": "2020-06-12 10:47:29"
    },
    {
        "id": "18",
        "from_table_id": "10",
        "notify_message": "Awaiting for Financial Approval",
        "status": "2",
        "from_user_id": "4",
        "engineer_status": "0",
        "dept_admin_status": "2",
        "dept_super_admin_status": "2",
        "finance_status": "2",
        "job_no": "J0003",
        "created": "2020-06-12 07:35:38",
        "submitter_name": "Engineer Role",
        "created_at": "2020-06-12 07:40:33"
    },
   
    
    {
        "id": "10",
        "from_table_id": "9",
        "notify_message": "Awaiting for Financial Approval",
        "status": "2",
        "from_user_id": "4",
        "engineer_status": "0",
        "dept_admin_status": "2",
        "dept_super_admin_status": "2",
        "finance_status": "2",
        "job_no": "JOB001",
        "created": "2020-06-12 07:17:07",
        "submitter_name": "Engineer Role",
        "created_at": "2020-06-12 07:29:28"
    }
]