[
    {
        "id": "35",
        "item_code": "N300",
        "item_description": "Test Rodding of Underground Duct ",
        "engineer_pay_price": "23.50",
        "cass_sale_price": "23.50",
        "item_label": "",
        "department_id": "1",
        "status": "1",
        "department_name": "Dslam Fibre",
        "department_ids": "1"
    },
    {
        "id": "36",
        "item_code": "N364",
        "item_description": "Newsite revisit",
        "engineer_pay_price": "17.50",
        "cass_sale_price": "17.50",
        "item_label": "",
        "department_id": "1",
        "status": "1",
        "department_name": "Dslam Fibre",
        "department_ids": "1"
    },
    {
        "id": "37",
        "item_code": "N60A",
        "item_description": "Fibre Tenancy Connection Single Plot - External",
        "engineer_pay_price": "65.00",
        "cass_sale_price": "65.00",
        "item_label": "",
        "department_id": "1",
        "status": "1",
        "department_name": "Dslam Fibre",
        "department_ids": "1"
    },
    {
        "id": "38",
        "item_code": "N60C",
        "item_description": "Fibre Tenancy Connection Single Plot - External",
        "engineer_pay_price": "13.10",
        "cass_sale_price": "13.10",
        "item_label": "",
        "department_id": "1",
        "status": "1",
        "department_name": "Dslam Fibre",
        "department_ids": "1"
    },
    {
        "id": "39",
        "item_code": "N638",
        "item_description": "Optical Node Joint\t",
        "engineer_pay_price": "55.00",
        "cass_sale_price": "55.00",
        "item_label": "",
        "department_id": "1",
        "status": "1",
        "department_name": "Dslam Fibre",
        "department_ids": "1"
    },
    {
        "id": "40",
        "item_code": "N650",
        "item_description": "Cable in Duct Light  - Access Fibre",
        "engineer_pay_price": "33.33",
        "cass_sale_price": "33.33",
        "item_label": "",
        "department_id": "1",
        "status": "1",
        "department_name": "Dslam Fibre",
        "department_ids": "1"
    },
    {
        "id": "41",
        "item_code": "N676",
        "item_description": "Optical Joint Fibre Splicing",
        "engineer_pay_price": "2.00",
        "cass_sale_price": "2.00",
        "item_label": "",
        "department_id": "1",
        "status": "1",
        "department_name": "Dslam Fibre",
        "department_ids": "1"
    },
    {
        "id": "42",
        "item_code": "N678",
        "item_description": "Optical Joint Mounting Kit and Cable Loop Migration (OTIAN)",
        "engineer_pay_price": "15.00",
        "cass_sale_price": "15.00",
        "item_label": "",
        "department_id": "1",
        "status": "1",
        "department_name": "Dslam Fibre",
        "department_ids": "1"
    },
    {
        "id": "43",
        "item_code": "N679",
        "item_description": "Open/close established node/joint",
        "engineer_pay_price": "15.00",
        "cass_sale_price": "15.00",
        "item_label": "",
        "department_id": "1",
        "status": "1",
        "department_name": "Dslam Fibre",
        "department_ids": "1"
    },
    {
        "id": "44",
        "item_code": "N682",
        "item_description": "Fibre Insertion Loss Testing\t",
        "engineer_pay_price": "3.00",
        "cass_sale_price": "3.00",
        "item_label": "",
        "department_id": "1",
        "status": "1",
        "department_name": "Dslam Fibre",
        "department_ids": "1"
    },
    {
        "id": "45",
        "item_code": "NI6U",
        "item_description": "Install/Recover BFT Manifold Underground",
        "engineer_pay_price": "10.00",
        "cass_sale_price": "10.00",
        "item_label": "",
        "department_id": "1",
        "status": "1",
        "department_name": "Dslam Fibre",
        "department_ids": "1"
    },
    {
        "id": "46",
        "item_code": "FC1B",
        "item_description": "ABORTIVE VISIT",
        "engineer_pay_price": "48.00",
        "cass_sale_price": "48.00",
        "item_label": "",
        "department_id": "1",
        "status": "1",
        "department_name": "Dslam Fibre",
        "department_ids": "1"
    },
    {
        "id": "47",
        "item_code": "N60G",
        "item_description": "Small MDU Lead-in Connection Single Scheme- External\t",
        "engineer_pay_price": "130.00",
        "cass_sale_price": "130.00",
        "item_label": "",
        "department_id": "1",
        "status": "1",
        "department_name": "Dslam Fibre",
        "department_ids": "1"
    },
    {
        "id": "48",
        "item_code": "N60L",
        "item_description": "Internal Plot fit (SDU or MDU)\t",
        "engineer_pay_price": "10.83",
        "cass_sale_price": "10.83",
        "item_label": "",
        "department_id": "1",
        "status": "1",
        "department_name": "Dslam Fibre",
        "department_ids": "1"
    },
    {
        "id": "49",
        "item_code": "N60M",
        "item_description": "Commission MDU Plot\t",
        "engineer_pay_price": "14.44",
        "cass_sale_price": "14.44",
        "item_label": "",
        "department_id": "1",
        "status": "1",
        "department_name": "Dslam Fibre",
        "department_ids": "1"
    },
    {
        "id": "50",
        "item_code": "Day Rate",
        "item_description": "Day Rate",
        "engineer_pay_price": "1.00",
        "cass_sale_price": "1.00",
        "item_label": "",
        "department_id": "1",
        "status": "1",
        "department_name": "Dslam Fibre",
        "department_ids": "1"
    },
    {
        "id": "51",
        "item_code": "N636 Rope",
        "item_description": "Test rod BFT per meter",
        "engineer_pay_price": "0.25",
        "cass_sale_price": "0.25",
        "item_label": "",
        "department_id": "3",
        "status": "1",
        "department_name": "FTTC",
        "department_ids": "3"
    },
    {
        "id": "52",
        "item_code": "N636 Cable",
        "item_description": "Install BFT  per meter",
        "engineer_pay_price": "0.25",
        "cass_sale_price": "0.25",
        "item_label": "",
        "department_id": "3",
        "status": "1",
        "department_name": "FTTC",
        "department_ids": "3"
    },
    {
        "id": "53",
        "item_code": "N668 Rope",
        "item_description": "Test rod subduct FTTC per meter",
        "engineer_pay_price": "0.25",
        "cass_sale_price": "0.25",
        "item_label": "",
        "department_id": "3",
        "status": "1",
        "department_name": "FTTC",
        "department_ids": "3"
    },
    {
        "id": "54",
        "item_code": "N668 S/D",
        "item_description": "Install Subduct FTTC per meter",
        "engineer_pay_price": "0.15",
        "cass_sale_price": "0.15",
        "item_label": "",
        "department_id": "3",
        "status": "1",
        "department_name": "FTTC",
        "department_ids": "3"
    },
    {
        "id": "55",
        "item_code": "N668 Cable",
        "item_description": "Install cable",
        "engineer_pay_price": "0.10",
        "cass_sale_price": "0.10",
        "item_label": "",
        "department_id": "3",
        "status": "1",
        "department_name": "FTTC",
        "department_ids": "3"
    },
    {
        "id": "56",
        "item_code": "N330",
        "item_description": "Locate Blockage",
        "engineer_pay_price": "30.00",
        "cass_sale_price": "30.00",
        "item_label": "",
        "department_id": "3",
        "status": "1",
        "department_name": "FTTC",
        "department_ids": "3"
    },
    {
        "id": "57",
        "item_code": "N333",
        "item_description": "Clear blockage",
        "engineer_pay_price": "115.00",
        "cass_sale_price": "115.00",
        "item_label": "",
        "department_id": "3",
        "status": "1",
        "department_name": "FTTC",
        "department_ids": "3"
    },
    {
        "id": "58",
        "item_code": "N359",
        "item_description": "Out of Hrs Working",
        "engineer_pay_price": "5.00",
        "cass_sale_price": "5.00",
        "item_label": "",
        "department_id": "3",
        "status": "1",
        "department_name": "FTTC",
        "department_ids": "3"
    },
    {
        "id": "59",
        "item_code": "N361",
        "item_description": "Survey Hrs",
        "engineer_pay_price": "10.00",
        "cass_sale_price": "10.00",
        "item_label": "",
        "department_id": "3",
        "status": "1",
        "department_name": "FTTC",
        "department_ids": "3"
    },
    {
        "id": "60",
        "item_code": "N495",
        "item_description": "Minor excavation",
        "engineer_pay_price": "35.00",
        "cass_sale_price": "35.00",
        "item_label": "",
        "department_id": "3",
        "status": "1",
        "department_name": "FTTC",
        "department_ids": "3"
    },
    {
        "id": "61",
        "item_code": "N300",
        "item_description": "Test Rod",
        "engineer_pay_price": "0.24",
        "cass_sale_price": "0.24",
        "item_label": "",
        "department_id": "3",
        "status": "1",
        "department_name": "FTTC",
        "department_ids": "3"
    },
    {
        "id": "62",
        "item_code": "N63A Rope",
        "item_description": "1st 100m (Rope)",
        "engineer_pay_price": "0.25",
        "cass_sale_price": "0.25",
        "item_label": "",
        "department_id": "3",
        "status": "1",
        "department_name": "FTTC",
        "department_ids": "3"
    },
    {
        "id": "63",
        "item_code": "N63A Cable",
        "item_description": "1st 100m (Cable)",
        "engineer_pay_price": "0.25",
        "cass_sale_price": "0.25",
        "item_label": "",
        "department_id": "3",
        "status": "1",
        "department_name": "FTTC",
        "department_ids": "3"
    },
    {
        "id": "64",
        "item_code": "N63B Rope",
        "item_description": "Every 25m after 1st 100m",
        "engineer_pay_price": "0.25",
        "cass_sale_price": "0.25",
        "item_label": "",
        "department_id": "3",
        "status": "1",
        "department_name": "FTTC",
        "department_ids": "3"
    },
    {
        "id": "65",
        "item_code": "N63B Cable",
        "item_description": "Every 25m after 1st 100m",
        "engineer_pay_price": "0.25",
        "cass_sale_price": "0.25",
        "item_label": "",
        "department_id": "3",
        "status": "1",
        "department_name": "FTTC",
        "department_ids": "3"
    },
    {
        "id": "66",
        "item_code": "N39A",
        "item_description": "Overblow Survey",
        "engineer_pay_price": "85.00",
        "cass_sale_price": "85.00",
        "item_label": "",
        "department_id": "3",
        "status": "1",
        "department_name": "FTTC",
        "department_ids": "3"
    },
    {
        "id": "67",
        "item_code": "N66A",
        "item_description": "Overblow (First 1000m)",
        "engineer_pay_price": "50.00",
        "cass_sale_price": "50.00",
        "item_label": "",
        "department_id": "3",
        "status": "1",
        "department_name": "FTTC",
        "department_ids": "3"
    },
    {
        "id": "68",
        "item_code": "N66B",
        "item_description": "Overblow (After 1st 1000m)",
        "engineer_pay_price": "35.00",
        "cass_sale_price": "35.00",
        "item_label": "",
        "department_id": "3",
        "status": "1",
        "department_name": "FTTC",
        "department_ids": "3"
    },
    {
        "id": "69",
        "item_code": "Day Rate",
        "item_description": "Test  for correct network configuration and light levels at UG CBT (PON commissioning)",
        "engineer_pay_price": "1.00",
        "cass_sale_price": "1.00",
        "item_label": "",
        "department_id": "3",
        "status": "1",
        "department_name": "FTTC",
        "department_ids": "3"
    }
]