[
    {
        "id": "15",
        "job_date": "2020-06-20",
        "job_no": "sdfsdf",
        "created": "2020-06-19 12:58:57",
        "modified": "2020-06-19 12:58:57",
        "submitter_name": "Engineer Role",
        "user_id": "5",
        "department_id": "1",
        "exchange": "dsfsf",
        "users": "5,5",
        "work_item_id_qty": "[{\"id\":\"1\",\"qty\":\"1\",\"price\":\"25.00\"}]",
        "comments": "sdfsdf",
        "item_details": "[{\"section_no\":\"sdfsdfd\",\"distance\":\"sends\",\"blockage\":\"sends\",\"desiit\":\"sdfsd\",\"new_track\":\"sdfsd\",\"slip_no\":\"sdfsd\",\"slip_comments\":\"sdfsd\"}]",
        "user_percentage": "[\"50\",\"50\"]",
        "user_cost": "[\"12.50\",\"12.50\"]",
        "status": "1",
        "department_name": "Dslam Fibre",
        "engineer_status": "0",
        "dept_admin_status": "0",
        "dept_super_admin_status": "1",
        "finance_status": "0",
        "auth_id": "15"
    },
    {
        "id": "14",
        "job_date": "2020-06-19",
        "job_no": "99999",
        "created": "2020-06-18 14:16:19",
        "modified": "2020-06-30 07:18:31",
        "submitter_name": "Engineer Role",
        "user_id": "5",
        "department_id": "1",
        "exchange": "dsfs",
        "users": "5,5",
        "work_item_id_qty": "[{\"id\":\"5\",\"qty\":\"3\",\"price\":\"330.00\"}]",
        "comments": "dsfsd",
        "item_details": "[{\"section_no\":\"sadfsas\",\"distance\":\"sofas\",\"blockage\":\"3\",\"desiit\":\"3\",\"new_track\":\"sdfsa\",\"slip_no\":\"sdfsafa\",\"slip_comments\":\"dsfsaf\"},{\"section_no\":\"sdfsa\",\"distance\":\"sdfsd\",\"blockage\":\"dsfsd\",\"desiit\":\"sdfsd\",\"new_track\":\"sends\",\"slip_no\":\"sdfsd\",\"slip_comments\":\"sdks\"}]",
        "user_percentage": "[\"75\",\"25\"]",
        "user_cost": "[\"742.50\",\"247.50\"]",
        "status": "2",
        "department_name": "Dslam Fibre",
        "engineer_status": "0",
        "dept_admin_status": "2",
        "dept_super_admin_status": "2",
        "finance_status": "2",
        "auth_id": "14"
    },
    {
        "id": "13",
        "job_date": "2020-06-17",
        "job_no": "Ganesh test",
        "created": "2020-06-17 13:24:40",
        "modified": "2020-06-17 13:52:54",
        "submitter_name": "Engineer Role",
        "user_id": "5",
        "department_id": "3",
        "exchange": "test ganesh",
        "users": "5,14",
        "work_item_id_qty": "[{\"id\":\"1\",\"qty\":\"15\",\"price\":\"25.00\"},{\"id\":\"3\",\"qty\":\"20\",\"price\":\"20.00\"}]",
        "comments": "test by Ganesh",
        "item_details": "[{\"section_no\":\"0001\",\"distance\":\"10\",\"blockage\":\"0\",\"desiit\":\"2\",\"new_track\":\"kdsjf\",\"slip_no\":\"kdsfjs\",\"slip_comments\":\"sdkfjslfda\"}]",
        "user_percentage": "[\"50\",\"50\"]",
        "user_cost": "[\"387.50\",\"387.50\"]",
        "status": "1",
        "department_name": "FTTC",
        "engineer_status": "0",
        "dept_admin_status": "2",
        "dept_super_admin_status": "2",
        "finance_status": "1",
        "auth_id": "13"
    },
    {
        "id": "12",
        "job_date": "2020-06-12",
        "job_no": "123456789",
        "created": "2020-06-12 14:10:59",
        "modified": "2020-06-12 14:10:59",
        "submitter_name": "Mark McK Test",
        "user_id": "5",
        "department_id": "1",
        "exchange": "Snitterfield",
        "users": "5,14,15",
        "work_item_id_qty": "[{\"id\":\"1\",\"qty\":\"10\",\"price\":\"25.00\"},{\"id\":\"3\",\"qty\":\"20\",\"price\":\"20.00\"}]",
        "comments": "Mm testing system 12/6 with Sop",
        "item_details": "[{\"section_no\":\"1245\",\"distance\":\"45\",\"blockage\":\"1\",\"desiit\":\"0\",\"new_track\":\"0\",\"slip_no\":\"124\\/787\",\"slip_comments\":\"MM testing still\"},{\"section_no\":\"1457\",\"distance\":\"125\",\"blockage\":\"2\",\"desiit\":\"0\",\"new_track\":\"0\",\"slip_no\":\"1457\\/78\",\"slip_comments\":\"MM Testing again\"}]",
        "user_percentage": "[\"50\",\"10\",\"40\"]",
        "user_cost": "[\"325.00\",\"65.00\",\"260.00\"]",
        "status": "1",
        "department_name": "Dslam Fibre",
        "engineer_status": "0",
        "dept_admin_status": "2",
        "dept_super_admin_status": "2",
        "finance_status": "1",
        "auth_id": "12"
    },
    {
        "id": "11",
        "job_date": "2020-06-12",
        "job_no": "0001",
        "created": "2020-06-12 10:28:56",
        "modified": "2020-06-12 10:42:51",
        "submitter_name": "Engineer Role",
        "user_id": "5",
        "department_id": "3",
        "exchange": "Exch123",
        "users": "5,15",
        "work_item_id_qty": "[{\"id\":\"1\",\"qty\":\"12\",\"price\":\"25.00\"}]",
        "comments": "",
        "item_details": "[]",
        "user_percentage": "[\"60\",\"40\"]",
        "user_cost": "[\"180.00\",\"1320.00\"]",
        "status": "1",
        "department_name": "FTTC",
        "engineer_status": "0",
        "dept_admin_status": "3",
        "dept_super_admin_status": "1",
        "finance_status": "0",
        "auth_id": "11"
    },
    {
        "id": "10",
        "job_date": "2020-06-12",
        "job_no": "J0003",
        "created": "2020-06-12 07:35:38",
        "modified": "2020-06-12 10:58:30",
        "submitter_name": "Engineer Role",
        "user_id": "5",
        "department_id": "1",
        "exchange": "Exchange 0",
        "users": "5,14",
        "work_item_id_qty": "[{\"id\":\"1\",\"qty\":\"30\",\"price\":\"25.00\"}]",
        "comments": "",
        "item_details": "[{\"section_no\":\"a\",\"distance\":\"b\",\"blockage\":\"c\",\"desiit\":\"d\",\"new_track\":\"e\",\"slip_no\":\"f\",\"slip_comments\":\"g\"}]",
        "user_percentage": "[\"50\",\"50\"]",
        "user_cost": "[\"375.00\",\"375.00\"]",
        "status": "2",
        "department_name": "Dslam Fibre",
        "engineer_status": "0",
        "dept_admin_status": "2",
        "dept_super_admin_status": "2",
        "finance_status": "2",
        "auth_id": "10"
    },
    {
        "id": "9",
        "job_date": "2020-06-12",
        "job_no": "JOB001",
        "created": "2020-06-12 07:17:07",
        "modified": "2020-06-12 07:30:17",
        "submitter_name": "Engineer Role",
        "user_id": "5",
        "department_id": "1",
        "exchange": "Exchange 1",
        "users": "5,14",
        "work_item_id_qty": "[{\"id\":\"1\",\"qty\":\"20\",\"price\":\"25.00\"}]",
        "comments": "",
        "item_details": "[{\"section_no\":\"12\",\"distance\":\"12\",\"blockage\":\"12\",\"desiit\":\"12\",\"new_track\":\"12\",\"slip_no\":\"21\",\"slip_comments\":\"12\"}]",
        "user_percentage": "[\"25\",\"75\"]",
        "user_cost": "[\"125.00\",\"375.00\"]",
        "status": "2",
        "department_name": "Dslam Fibre",
        "engineer_status": "0",
        "dept_admin_status": "2",
        "dept_super_admin_status": "2",
        "finance_status": "2",
        "auth_id": "9"
    },
    {
        "id": "8",
        "job_date": "2020-06-11",
        "job_no": "J00134",
        "created": "2020-06-11 16:47:39",
        "modified": "2020-06-11 16:47:39",
        "submitter_name": "Engineer Role",
        "user_id": "5",
        "department_id": "1",
        "exchange": "Ex765",
        "users": "5,14",
        "work_item_id_qty": "[{\"id\":\"1\",\"qty\":\"3\",\"price\":\"25.00\"}]",
        "comments": "",
        "item_details": "[{\"section_no\":\"12\",\"distance\":\"21\",\"blockage\":\"3\",\"desiit\":\"sd\",\"new_track\":\"3df\",\"slip_no\":\"edf\",\"slip_comments\":\"rtfghj\"}]",
        "user_percentage": "[\"70\",\"30\"]",
        "user_cost": "[\"52.50\",\"22.50\"]",
        "status": "1",
        "department_name": "Dslam Fibre",
        "engineer_status": "0",
        "dept_admin_status": "2",
        "dept_super_admin_status": "2",
        "finance_status": "1",
        "auth_id": "8"
    },
    {
        "id": "7",
        "job_date": "2020-06-06",
        "job_no": "J00055",
        "created": "2020-06-06 07:27:48",
        "modified": "2020-06-06 07:48:53",
        "submitter_name": "Anisha Banu",
        "user_id": "14",
        "department_id": "3",
        "exchange": "Exchange 11",
        "users": "14,5",
        "work_item_id_qty": "[{\"id\":\"1\",\"qty\":\"20\",\"price\":\"25.00\"}]",
        "comments": "Comment 1",
        "item_details": "[{\"section_no\":\"S001\",\"distance\":\"D001\",\"blockage\":\"B001\",\"desiit\":\"DE001\",\"new_track\":\"NT001\",\"slip_no\":\"D001\",\"slip_comments\":\"C1\"},{\"section_no\":\"S002\",\"distance\":\"D002\",\"blockage\":\"B002\",\"desiit\":\"DE002\",\"new_track\":\"NT002\",\"slip_no\":\"D002\",\"slip_comments\":\"C2\"}]",
        "user_percentage": "[\"50\",\"50\"]",
        "user_cost": "[\"250.00\",\"250.00\"]",
        "status": "2",
        "department_name": "FTTC",
        "engineer_status": "0",
        "dept_admin_status": "2",
        "dept_super_admin_status": "2",
        "finance_status": "2",
        "auth_id": "7"
    },
    {
        "id": "6",
        "job_date": "2020-06-01",
        "job_no": "J004",
        "created": "2020-06-01 10:35:35",
        "modified": "2020-06-01 10:35:35",
        "submitter_name": "Anisha Banu",
        "user_id": "14",
        "department_id": "3",
        "exchange": "Exchange 3",
        "users": "5,14",
        "work_item_id_qty": "[{\"id\":\"1\",\"qty\":\"10\",\"price\":\"25.00\"}]",
        "comments": "",
        "item_details": "[{\"section_no\":\"1\",\"distance\":\"2\",\"blockage\":\"3\",\"desiit\":\"4\",\"new_track\":\"1\",\"slip_no\":\"FD\",\"slip_comments\":\"12\"}]",
        "user_percentage": "[\"75\",\"25\"]",
        "user_cost": "[\"187.5\",\"62.5\"]",
        "status": "1",
        "department_name": "FTTC",
        "engineer_status": "1",
        "dept_admin_status": "3",
        "dept_super_admin_status": "3",
        "finance_status": "0",
        "auth_id": "6"
    },
    {
        "id": "5",
        "job_date": "2020-06-01",
        "job_no": "J0003",
        "created": "2020-06-01 10:32:03",
        "modified": "2020-06-01 10:32:03",
        "submitter_name": "Anisha Banu",
        "user_id": "14",
        "department_id": "3",
        "exchange": "Exchange 2",
        "users": "5,14",
        "work_item_id_qty": "[{\"id\":\"1\",\"qty\":\"10\",\"price\":\"25.00\"}]",
        "comments": "No Comment ",
        "item_details": "[{\"section_no\":\"S1\",\"distance\":\"D1\",\"blockage\":\"B1\",\"desiit\":\"De1\",\"new_track\":\"NT1\",\"slip_no\":\"DF1\",\"slip_comments\":\"C1\"},{\"section_no\":\"S2\",\"distance\":\"D2\",\"blockage\":\"B2\",\"desiit\":\"De2\",\"new_track\":\"NT2\",\"slip_no\":\"DF2\",\"slip_comments\":\"C2\"}]",
        "user_percentage": "[\"75\",\"25\"]",
        "user_cost": "[\"187.5\",\"62.5\"]",
        "status": "1",
        "department_name": "FTTC",
        "engineer_status": "1",
        "dept_admin_status": "0",
        "dept_super_admin_status": "3",
        "finance_status": "0",
        "auth_id": "5"
    },
    {
        "id": "4",
        "job_date": "2020-06-01",
        "job_no": "J002",
        "created": "2020-06-01 10:11:53",
        "modified": "2020-06-15 14:58:05",
        "submitter_name": "Anisha Banu",
        "user_id": "14",
        "department_id": "3",
        "exchange": "Exchange 1",
        "users": "5,14",
        "work_item_id_qty": "[{\"id\":\"1\",\"qty\":\"50\",\"price\":\"25.00\"}]",
        "comments": "Mae",
        "item_details": "[{\"section_no\":\"001\",\"distance\":\"10\",\"blockage\":\"20\",\"desiit\":\"De\",\"new_track\":\"100\",\"slip_no\":\"DF001\",\"slip_comments\":\"Comment 1\"},{\"section_no\":\"002\",\"distance\":\"20\",\"blockage\":\"30\",\"desiit\":\"23\",\"new_track\":\"Noo\",\"slip_no\":\"Yes\",\"slip_comments\":\"Comment 2\"}]",
        "user_percentage": "[\"50\",\"50\"]",
        "user_cost": "[\"625.00\",\"625.00\"]",
        "status": "2",
        "department_name": "FTTC",
        "engineer_status": "0",
        "dept_admin_status": "2",
        "dept_super_admin_status": "2",
        "finance_status": "2",
        "auth_id": "4"
    },
    {
        "id": "3",
        "job_date": "2020-05-09",
        "job_no": "JOB001",
        "created": "2020-05-09 06:58:08",
        "modified": "2020-05-21 02:17:57",
        "submitter_name": "Master Admin",
        "user_id": "1",
        "department_id": "3",
        "exchange": "Exchange 1",
        "users": "14,5",
        "work_item_id_qty": "[{\"id\":\"1\",\"qty\":\"10\",\"price\":\"25.00\"}]",
        "comments": "This is my comments",
        "item_details": "[{\"section_no\":\"001\",\"distance\":\"10\",\"blockage\":\"20\",\"desiit\":\"30\",\"new_track\":\"New Track 1\",\"slip_no\":\"001\",\"slip_comments\":\"Comment 1\"},{\"section_no\":\"002\",\"distance\":\"10\",\"blockage\":\"20\",\"desiit\":\"30\",\"new_track\":\"New Track 2\",\"slip_no\":\"002\",\"slip_comments\":\"Comment 2\"},{\"section_no\":\"003\",\"distance\":\"10\",\"blockage\":\"20\",\"desiit\":\"30\",\"new_track\":\"New Track 3\",\"slip_no\":\"003\",\"slip_comments\":\"Comment 3\"}]",
        "user_percentage": "[\"90\",\"10\"]",
        "user_cost": "[\"200\",\"50\"]",
        "status": "1",
        "department_name": "FTTC",
        "engineer_status": "1",
        "dept_admin_status": "0",
        "dept_super_admin_status": "3",
        "finance_status": "0",
        "auth_id": "3"
    },
    {
        "id": "2",
        "job_date": "2020-05-05",
        "job_no": "2345",
        "created": "2020-05-05 12:46:51",
        "modified": "2020-06-06 06:50:11",
        "submitter_name": "Engineer Role",
        "user_id": "5",
        "department_id": "1",
        "exchange": "ere",
        "users": "5",
        "work_item_id_qty": "[{\"id\":\"1\",\"qty\":\"2\",\"price\":\"25.00\"}]",
        "comments": "",
        "item_details": "[{\"section_no\":\"12\",\"distance\":\"1\",\"blockage\":\"1\",\"desiit\":\"1\",\"new_track\":\"no\",\"slip_no\":\"121\",\"slip_comments\":\"asd\"}]",
        "user_percentage": "[\"100\"]",
        "user_cost": "[\"50\"]",
        "status": "1",
        "department_name": "Dslam Fibre",
        "engineer_status": "0",
        "dept_admin_status": "2",
        "dept_super_admin_status": "2",
        "finance_status": "1",
        "auth_id": "2"
    },
    {
        "id": "1",
        "job_date": "2020-05-05",
        "job_no": "1234",
        "created": "2020-05-05 12:32:26",
        "modified": "2020-06-02 15:09:40",
        "submitter_name": "Master Admin",
        "user_id": "1",
        "department_id": "1",
        "exchange": "test",
        "users": "5",
        "work_item_id_qty": "[{\"id\":\"1\",\"qty\":\"2\",\"price\":\"25.00\"}]",
        "comments": "",
        "item_details": "[{\"section_no\":\"12\",\"distance\":\"1\",\"blockage\":\"1\",\"desiit\":\"1\",\"new_track\":\"no\",\"slip_no\":\"123\",\"slip_comments\":\"te\"}]",
        "user_percentage": "[\"100\"]",
        "user_cost": "[\"50\"]",
        "status": "2",
        "department_name": "Dslam Fibre",
        "engineer_status": "0",
        "dept_admin_status": "2",
        "dept_super_admin_status": "2",
        "finance_status": "2",
        "auth_id": "1"
    }
]
